{
  "period_scan": {
    "n_delta": 240,
    "Lmax": 9,
    "delta_over_pi": [
      0.0,
      0.008333333333333333,
      0.016666666666666666,
      0.025,
      0.03333333333333333,
      0.041666666666666664,
      0.05,
      0.05833333333333333,
      0.06666666666666667,
      0.075,
      0.08333333333333333,
      0.09166666666666666,
      0.1,
      0.10833333333333332,
      0.11666666666666665,
      0.125,
      0.13333333333333333,
      0.14166666666666666,
      0.15,
      0.15833333333333333,
      0.16666666666666666,
      0.175,
      0.18333333333333332,
      0.19166666666666665,
      0.2,
      0.20833333333333331,
      0.21666666666666665,
      0.225,
      0.2333333333333333,
      0.24166666666666667,
      0.25,
      0.2583333333333333,
      0.26666666666666666,
      0.275,
      0.2833333333333333,
      0.29166666666666663,
      0.3,
      0.3083333333333333,
      0.31666666666666665,
      0.325,
      0.3333333333333333,
      0.3416666666666666,
      0.35,
      0.35833333333333334,
      0.36666666666666664,
      0.375,
      0.3833333333333333,
      0.3916666666666666,
      0.4,
      0.4083333333333333,
      0.41666666666666663,
      0.425,
      0.4333333333333333,
      0.4416666666666666,
      0.45,
      0.4583333333333333,
      0.4666666666666666,
      0.475,
      0.48333333333333334,
      0.49166666666666664,
      0.5,
      0.5083333333333333,
      0.5166666666666666,
      0.525,
      0.5333333333333333,
      0.5416666666666666,
      0.55,
      0.5583333333333333,
      0.5666666666666667,
      0.575,
      0.5833333333333333,
      0.5916666666666667,
      0.6,
      0.6083333333333333,
      0.6166666666666666,
      0.625,
      0.6333333333333333,
      0.6416666666666666,
      0.65,
      0.6583333333333332,
      0.6666666666666666,
      0.675,
      0.6833333333333332,
      0.6916666666666667,
      0.7,
      0.7083333333333333,
      0.7166666666666667,
      0.725,
      0.7333333333333333,
      0.7416666666666666,
      0.75,
      0.7583333333333332,
      0.7666666666666666,
      0.775,
      0.7833333333333332,
      0.7916666666666666,
      0.8,
      0.8083333333333332,
      0.8166666666666667,
      0.825,
      0.8333333333333333,
      0.8416666666666667,
      0.85,
      0.8583333333333333,
      0.8666666666666666,
      0.875,
      0.8833333333333332,
      0.8916666666666666,
      0.9,
      0.9083333333333332,
      0.9166666666666666,
      0.925,
      0.9333333333333332,
      0.9416666666666667,
      0.95,
      0.9583333333333333,
      0.9666666666666667,
      0.975,
      0.9833333333333333,
      0.9916666666666666,
      1.0,
      1.0083333333333333,
      1.0166666666666666,
      1.025,
      1.0333333333333332,
      1.0416666666666665,
      1.05,
      1.0583333333333333,
      1.0666666666666667,
      1.075,
      1.0833333333333333,
      1.0916666666666666,
      1.1,
      1.1083333333333332,
      1.1166666666666667,
      1.125,
      1.1333333333333333,
      1.1416666666666666,
      1.15,
      1.1583333333333332,
      1.1666666666666665,
      1.175,
      1.1833333333333333,
      1.1916666666666667,
      1.2,
      1.2083333333333333,
      1.2166666666666666,
      1.225,
      1.2333333333333332,
      1.2416666666666667,
      1.25,
      1.2583333333333333,
      1.2666666666666666,
      1.275,
      1.2833333333333332,
      1.2916666666666665,
      1.3,
      1.3083333333333333,
      1.3166666666666664,
      1.325,
      1.3333333333333333,
      1.3416666666666666,
      1.35,
      1.3583333333333334,
      1.3666666666666665,
      1.3749999999999998,
      1.3833333333333333,
      1.3916666666666666,
      1.4,
      1.4083333333333334,
      1.4166666666666665,
      1.4249999999999998,
      1.4333333333333333,
      1.4416666666666667,
      1.45,
      1.4583333333333335,
      1.4666666666666666,
      1.4749999999999999,
      1.4833333333333332,
      1.4916666666666667,
      1.5,
      1.5083333333333333,
      1.5166666666666664,
      1.525,
      1.5333333333333332,
      1.5416666666666665,
      1.55,
      1.5583333333333333,
      1.5666666666666664,
      1.575,
      1.5833333333333333,
      1.5916666666666666,
      1.6,
      1.6083333333333334,
      1.6166666666666665,
      1.6249999999999998,
      1.6333333333333333,
      1.6416666666666666,
      1.65,
      1.6583333333333334,
      1.6666666666666665,
      1.6749999999999998,
      1.6833333333333333,
      1.6916666666666667,
      1.7,
      1.7083333333333335,
      1.7166666666666666,
      1.7249999999999999,
      1.7333333333333332,
      1.7416666666666667,
      1.75,
      1.7583333333333333,
      1.7666666666666664,
      1.775,
      1.7833333333333332,
      1.7916666666666665,
      1.8,
      1.8083333333333333,
      1.8166666666666664,
      1.825,
      1.8333333333333333,
      1.8416666666666666,
      1.85,
      1.8583333333333334,
      1.8666666666666665,
      1.8749999999999998,
      1.8833333333333333,
      1.8916666666666666,
      1.9,
      1.9083333333333334,
      1.9166666666666665,
      1.9249999999999998,
      1.9333333333333333,
      1.9416666666666667,
      1.95,
      1.9583333333333335,
      1.9666666666666666,
      1.9749999999999999,
      1.9833333333333332,
      1.9916666666666667
    ],