{
  "sanity": {
    "unitarity_err": 1.4724165895155184e-16,
    "yang_baxter_err": 2.355138688025663e-16,
    "delta2_scalar_err": 2.0191421170303795e-16
  },
  "exhaustive_delta0": {
    "1": {
      "K3": 1.0,
      "CB": 1.0,
      "CB2": 1.0,
      "word": "s1",
      "n_words": 4
    },
    "2": {
      "K3": 1.0,
      "CB": 1.0,
      "CB2": 1.0,
      "word": "s1 s1",
      "n_words": 16
    },
    "3": {
      "K3": 1.2917960675006301,
      "CB": 0.8196601125010521,
      "CB2": 0.34752415750147414,
      "word": "S2 S2 S2",
      "n_words": 64
    },
    "4": {
      "K3": 1.4032522475023121,
      "CB": 0.3475241575014709,
      "CB2": -0.7082039324993703,
      "word": "S2 S2 S2 S2",
      "n_words": 256
    },
    "5": {
      "K3": 1.2917960675006306,
      "CB": 0.8196601125010521,
      "CB2": 0.3475241575014737,
      "word": "s2 s1 S1 s2 s2",
      "n_words": 1024
    },
    "6": {
      "K3": 1.4774409873222936,
      "CB": 0.5704365175048383,
      "CB2": -0.33656795231261705,
      "word": "s2 S1 S1 S1 s2 s2",
      "n_words": 4096
    },
    "7": {
      "K3": 1.4339623071103071,
      "CB": 0.32121292250862143,
      "CB2": -0.7915364620930642,
      "word": "S2 s1 s1 s1 S2 S2 S2",
      "n_words": 16384
    },
    "8": {
      "K3": 1.477440987322294,
      "CB": 0.5704365175048385,
      "CB2": -0.33656795231261705,
      "word": "s2 S1 S1 S1 s2 s2 S1 s1",
      "n_words": 65536
    },
    "9": {
      "K3": 1.499761961190083,
      "CB": 0.49771405255657264,
      "CB2": -0.5043338560769376,
      "word": "s2 S1 s2 s2 s2 S1 S1 s2 s2",
      "n_words": 262144
    },
    "10": {
      "K3": 1.4978338072668032,
      "CB": 0.4977140525565709,
      "CB2": -0.5024057021536612,
      "word": "s2 S1 S1 s2 S1 S1 s2 S1 s2 S1",
      "n_words": 1048576
    },
    "11": {
      "K3": 1.4997619611900839,
      "CB": 0.49771405255657286,
      "CB2": -0.5043338560769381,
      "word": "s1 s2 s2 S1 S1 S1 s2 s2 S1 s2 s1",
      "n_words": 4194304
    }
  },
  "first_violation_L": 3,
  "best": {
    "L": 11,
    "K3": 1.4997619611900839
  },
  "monotone": false,
  "dips": [
    5,
    7,
    10
  ],
  "random_convergence": {
    "12": 1.4978338072668032,
    "14": 1.4978338072668036,
    "16": 1.4978338072668038,
    "18": 1.4978338072668036,
    "20": 1.4987004628234117,
    "22": 1.4999635097180262,
    "24": 1.498700462823413,
    "26": 1.4999635097180264,
    "28": 1.4999635097180277,
    "30": 1.4999635097180268,
    "32": 1.4999635097180275,
    "34": 1.4999635097180273,
    "36": 1.4999635097180275,
    "38": 1.4999635097180273,
    "40": 1.4999635097180295
  },
  "sector_sweep": {
    "delta_over_pi": [
      0.0,
      0.041666666666666664,
      0.08333333333333333,
      0.125,
      0.16666666666666666,
      0.20833333333333331,
      0.25,
      0.29166666666666663,
      0.3333333333333333,
      0.375,
      0.41666666666666663,
      0.4583333333333333,
      0.5,
      0.5416666666666666,
      0.5833333333333333,
      0.6249999999999999,
      0.6666666666666666,
      0.7083333333333333,
      0.75,
      0.7916666666666666,
      0.8333333333333333,
      0.875,
      0.9166666666666666,
      0.9583333333333333,
      1.0,
      1.0416666666666665,
      1.0833333333333333,
      1.1249999999999998,
      1.1666666666666665,
      1.2083333333333333,
      1.2499999999999998,
      1.2916666666666665,
      1.3333333333333333,
      1.3749999999999998,
      1.4166666666666665,
      1.458333333333333,
      1.5,
      1.5416666666666665,
      1.5833333333333333,
      1.6249999999999998,
      1.6666666666666665,
      1.708333333333333,
      1.75,
      1.7916666666666665,
      1.8333333333333333,
      1.8749999999999998,
      1.9166666666666665,
      1.958333333333333,
      2.0
    ],
    "K3": [
      1.499761961190083,
      1.4996973913908045,
      1.4989257852868312,
      1.4960630981582201,
      1.4925793778409133,
      1.4996274073348719,
      1.4992390462350424,
      1.4976977768699276,
      1.4996241910835375,
      1.4990329625428442,
      1.4995904781088778,
      1.499232737323963,
      1.4916191120196203,
      1.4989834912013853,
      1.1834038519834151,
      1.344071405931392,
      1.4958333785216877,
      1.4993719127687553,
      1.4993041715897188,
      1.4997509030689025,
      1.4972871256076092,
      1.4997640187177068,
      1.4986956707058119,
      1.4985931935697723,
      1.4946742818020335,
      1.4947677644701998,
      1.4956241607173928,
      1.4999747168686042,
      1.498282432028751,
      1.4986780243483193,
      1.3246900536821238,
      1.39889397328247,
      1.4995350032968076,
      1.4989183241140316,
      1.4995221973124713,
      1.4970229372375108,
      1.4966017536702065,
      1.136547886217996,
      1.0000000000000004,
      1.0000000000000004,
      1.4032522475023055,
      1.4984793045459648,
      1.4994522647065835,
      1.4985968605336106,
      1.499994125097731,
      1.4998746611750207,
      1.3297918648112668,
      1.3821551447960267,
      1.499761961190082
    ],
    "spread": 0.49999412509773045
  }
}