{
  "model": "Ising",
  "sanity": {
    "unitarity_err": 5.551953630577995e-16,
    "yang_baxter_err": 2.7755575615628914e-16,
    "delta2_scalar_err": 2.482534153247273e-16,
    "delta2_phase_real": 0.7071067811865471,
    "delta2_phase_imag": -0.7071067811865471
  },
  "exhaustive_delta0": {
    "1": {
      "K3": 1.0,
      "CB": 1.0,
      "CB2": 1.0,
      "word": "s1",
      "n_words": 4
    },
    "2": {
      "K3": 1.0,
      "CB": 1.0,
      "CB2": 1.0,
      "word": "s1 S1",
      "n_words": 16
    },
    "3": {
      "K3": 1.0,
      "CB": 1.0,
      "CB2": 1.0,
      "word": "s1 s1 s1",
      "n_words": 64
    },
    "4": {
      "K3": 1.0,
      "CB": 1.0000000000000002,
      "CB2": 1.0000000000000004,
      "word": "s1 s1 S1 S1",
      "n_words": 256
    },
    "5": {
      "K3": 1.0000000000000002,
      "CB": 0.9999999999999991,
      "CB2": 0.999999999999998,
      "word": "s1 s2 S1 S1 s2",
      "n_words": 1024
    },
    "6": {
      "K3": 1.0000000000000002,
      "CB": 0.9999999999999991,
      "CB2": 0.999999999999998,
      "word": "s1 s2 S2 S1 s1 s1",
      "n_words": 4096
    },
    "7": {
      "K3": 1.0000000000000002,
      "CB": 1.0000000000000002,
      "CB2": 1.0000000000000002,
      "word": "s1 s1 s1 s1 s1 S1 s1",
      "n_words": 16384
    },
    "8": {
      "K3": 1.0000000000000004,
      "CB": 1.0000000000000004,
      "CB2": 1.0000000000000004,
      "word": "s1 s1 s1 s1 s1 s1 s1 S1",
      "n_words": 65536
    },
    "9": {
      "K3": 1.0000000000000004,
      "CB": 0.9999999999999984,
      "CB2": 0.9999999999999966,
      "word": "s1 s1 s1 S2 S2 s1 s1 s2 s2",
      "n_words": 262144
    },
    "10": {
      "K3": 1.0000000000000004,
      "CB": 1.0000000000000004,
      "CB2": 1.0000000000000004,
      "word": "s1 s1 s1 s1 s1 s1 s1 S1 S1 s1",
      "n_words": 1048576
    },
    "11": {
      "K3": 1.0000000000000007,
      "CB": 1.844986385725004e-16,
      "CB2": -1.0000000000000002,
      "word": "s1 s1 s1 S1 s1 S1 s1 S1 S1 S1 S2",
      "n_words": 4194304
    }
  },
  "first_violation_L": null,
  "best": {
    "L": 11,
    "K3": 1.0000000000000007
  },
  "random_convergence": {
    "12": 1.0000000000000004,
    "14": 1.0000000000000004,
    "16": 1.0000000000000004,
    "18": 1.0000000000000004,
    "20": 1.0000000000000004,
    "22": 1.0000000000000004,
    "24": 1.0000000000000004,
    "26": 1.0000000000000004,
    "28": 1.0000000000000004,
    "30": 1.0000000000000004,
    "32": 1.0000000000000004,
    "34": 1.0000000000000004,
    "36": 1.0000000000000004,
    "38": 1.0000000000000004,
    "40": 1.0000000000000004
  },
  "sector_sweep": {
    "delta_over_pi": [
      0.0,
      0.041666666666666664,
      0.08333333333333333,
      0.125,
      0.16666666666666666,
      0.20833333333333331,
      0.25,
      0.29166666666666663,
      0.3333333333333333,
      0.375,
      0.41666666666666663,
      0.4583333333333333,
      0.5,
      0.5416666666666666,
      0.5833333333333333,
      0.6249999999999999,
      0.6666666666666666,
      0.7083333333333333,
      0.75,
      0.7916666666666666,
      0.8333333333333333,
      0.875,
      0.9166666666666666,
      0.9583333333333333,
      1.0,
      1.0416666666666665,
      1.0833333333333333,
      1.1249999999999998,
      1.1666666666666665,
      1.2083333333333333,
      1.2499999999999998,
      1.2916666666666665,
      1.3333333333333333,
      1.3749999999999998,
      1.4166666666666665,
      1.458333333333333,
      1.5,
      1.5416666666666665,
      1.5833333333333333,
      1.6249999999999998,
      1.6666666666666665,
      1.708333333333333,
      1.75,
      1.7916666666666665,
      1.8333333333333333,
      1.8749999999999998,
      1.9166666666666665,
      1.958333333333333,
      2.0
    ],
    "K3": [
      1.0000000000000004,
      1.495057381561275,
      1.499959353115153,
      1.4998207882331687,
      1.4918212890624976,
      1.4999945658804958,
      1.4892766952966343,
      1.4994550553959776,
      1.496494298353295,
      1.4793427398107464,
      1.4142135623730858,
      1.0000000000000002,
      1.0000000000000004,
      1.0000000000000004,
      1.4142135623730916,
      1.4793427398107435,
      1.4964942983532916,
      1.4994550553959813,
      1.4892766952966316,
      1.499994565880493,
      1.4918212890624971,
      1.499820788233173,
      1.4999593531151498,
      1.4950573815612764,
      1.0000000000000009,
      1.499816850128004,
      1.4991700792700842,
      1.4999978048192626,
      1.5000000000000002,
      1.4995872140603583,
      1.4918588762794402,
      1.4999968603491276,
      1.4993455561003064,
      1.4989523405294567,
      1.4936508971913351,
      1.4935836460303495,
      1.0000000000000004,
      1.493583646030351,
      1.4936508971913365,
      1.4989523405294554,
      1.4993455561003053,
      1.4999968603491296,
      1.4918588762794398,
      1.4995872140603579,
      1.4999999999999996,
      1.4999978048192644,
      1.4991700792700828,
      1.4998168501280011,
      1.0000000000000018
    ],
    "spread": 0.5
  }
}